"Cellule","Traitement_A_BRAF","Reponse_Y_Vemurafenib"
"CAL120","wt",0.00965604329272337
"DMS114","wt",0.0168532747650639
"CAL51","wt",0.0184258986848932
"A2058","p.V600E",0
"CESS","wt",0
"HCC1419","wt",0
"ETK1","wt",0
"C32HUMANMELANOMA","p.V600E",0.0456003452681807
"DSH1","wt",0.0381577329445229
"HT1197","wt",0.00460260874043287
"MDAMB157","wt",0
"HDLM2","wt",0
"5637","wt",0.0890910281522052
"786O","wt",0.0600393976153497
"HMVII","p.G469V",0.0365784035204646
"M14","p.V600E",0.00581427827266251
"HT29","p.V600E",0.0308876807242015
"AU565","wt",0
"NCIH441","wt",0.075197928434809
"SW1088","wt",0.00603073580888936
"ISTMES1","wt",0.052191270660774
"HCT116","wt",0.00731197079941793
"KYSE450","wt",0.0480322976452119
"NCIH2052","wt",0
"LOXIMVI","p.V600E",0.00552835985994457
"HOS","wt",0
"NCIH28","wt",0
"NCIH358","wt",0.00489279344087312
"BECKER","wt",0.0481359318889255
"RS411","wt",0.0557977538733451
"NCIH727","wt",0.0163994217474052
"NCIH1299","wt",0
"BT474","wt",0.0175911493030792
"SAOS2","wt",0
"NCIH2228","wt",0.0290605240879889
"LS411N","p.V600E",0
"RKO","p.V600E",0.0144851126513131
"RPMI7951","p.V600E",0.113171188552158
"CAL54","wt",0
"WM115","p.V600D",0.0282021373556381
"D283MED","wt",0
"639V","wt",0.0617106622056274
"OE19","wt",0
"UACC62","p.V600E",0
"DU4475","p.V600E",0.00617402007471508
"COLO680N","wt",0.0438435722393205
"CAL33","wt",0.0736716426313365
"UACC257","p.V600E",0.00260136548093346
"PA1","wt",0.0144581173962962
"NCIH661","wt",0.00525942682160832
"ES8","wt",0.0456531901131742
"SW1417","p.V600E",0.0172581944705094
"647V","wt",0.0515958529177938
"TGBC24TKB","wt",0.0967177202052232
"MPP89","wt",0
"IGR1","p.V600K",0.00395942591748032
"COLO205","p.V600E",0.0382749934939942
"BFTC905","wt",0
"REH","wt",0.0040487862016541
"RPMI8866","wt",0.00444411702466063
"PANC0813","wt",0
"NCIH1792","wt",0
"NCIH1355","wt",0.00587463613954549
"NCIH1048","wt",0
"OAW42","wt",0
"OE33","wt",0
"OVCAR8","wt",0.0230928166538426
"RT4","wt",0.0128760368470064
"PANC1005","wt",0.0518495014194044
"NCIH1623","wt",0.0342734621270818
"OCIAML2","wt",0.0127167479798833
"ONS76","wt",0.0419022890096581
"RT112","wt",0.00432215672551116
"PF382","wt",0.025978358386134
"NCIH1755","p.G469A",0
"NCIH1793","wt",0.0520284113141531
"RXF393L","wt",0.0537641654593032
"PC14","wt",0.0165355374021938
"PFSK1","wt",0.00324581805889337
"NCIH1581","wt",0
"NCIH1963","wt",0
"OPM2","wt",0
"RCM1HUMANRECTUMADENOCARCINOMA","wt",0.00649991887531501
"PC3","wt",0.00187541356976236
"NCIH1092","wt",0
"NCIH1651","wt",0.0573636580686889
"PSN1","wt",0
"WRO","wt",0.0615061087130787
"P12ICHIKAWA","wt",0.0194207979436217
"NCIH1563","wt",0
"RPMI6666","wt",0
"P30OHK","wt",0.00227281151978981
"OAW28","wt",0
"OCUBM","wt",0.00479172073887903
"OVCAR5","wt",0
"RD","wt",0.00378827756760221
"RH1","wt",0.0492354485987891
"RPMI8226","wt",0.0497998841682649
"NCIH1993","wt",0.118455235161224
"NCIH1155","wt",0.00811801079262475
"OSRC2","wt",0
"KYSE520","wt",0.0195168075622366
"KURAMOCHI","wt",0.0332034468792674
"KINGS1","wt",0.0526137333152857
"LCLC97TM1","wt",0.0225481972115928
"LU99A","wt",0
"GAMG","wt",0.00231197555911314
"GMS10","wt",0.00388040985111236
"KLE","wt",0
"KY821","wt",0
"KE37","wt",0
"LCLC103H","wt",0.00140673420206022
"LN405","wt",0.00565970490528859
"L540","wt",0.00519728120533969
"GAK","wt",0.010121158514599
"GP5D","wt",0.00275311112293901
"MFM223","wt",0.0156901633990094
"MESSA","wt",0.00565353436454167
"KYSE270","wt",0
"KYSE410","wt",0.0500904594518934
"L363","wt",0
"FADU","wt",0.0709726822661984
"G401","wt",0.00353577989292471
"GI1","wt",0
"MEG01","wt",0
"KYSE510","wt",0.054445946518644
"KU812","wt",0.035718933072295
"LXF289","wt",0
"GCT","p.V600E",0
"GIMEN","wt",0.00331216887936473
"MFE280","wt",0.0295365892877044
"KS1HUMANGLIOBLASTOMA","wt",0.0262166552606269
"LU135","wt",0.058708292955385
"LS513","wt",0
"G361","p.V600E",0.0067801907669397
"GRST","wt",0.00822565565542392
"MOLT16","wt",0.0252209967648956
"KYSE70","wt",0.0160803999812162
"LU65","wt",0.00364587666590783
"LAMA84","wt",0.0380173813581364
"MOLT13","wt",0
"ME180","wt",0.04370918950533
"KYSE140","wt",0
"KALS1","wt",0
"LU139","wt",0.0126804756600816
"LS123","wt",0.0429745362344941
"GCIY","wt",0.0561969590464784
"GOTO","wt",0.109741551978611
"G402","wt",0.019859002388458
"LC41","wt",0.0128950118367848
"LU165","wt",0.0379452037834105
"LS1034","wt",0.0638551293705528
"LOUCY","wt",0.0236289500521689
"GB1","wt",0.0320982259609714
"MO","wt",0
"U118MG","wt",0
"YH13","wt",0.00177787381527184
"TE1","wt",0.00397796600722416
"TE8","wt",0.054012779718598
"SIHA","wt",0.0406087318048269
"SCC9","wt",0
"MS1HUMANLUNGCARCINOMA","wt",0.00449629722832511
"U698M","wt",0.00767977213520287
"YAPC","wt",0.0325912828287364
"TE9","wt",0
"SNU449","wt",0.031580613141059
"SW780","wt",0.00447008204181633
"MOLT4","wt",0.00874177441003957
"ZR7530","wt",0
"SW900","wt",0.0108891762203867
"SKHEP1","p.V600E",0.0370446595861224
"MG63","wt",0.00506142008136817
"WSUNHL","wt",0.0686127427334449
"TE12","wt",0.100028053567466
"SKOV3","wt",0.0125326141357593
"ST486","wt",0.0104563554952533
"ML2","wt",0.00860170428408899
"MHHPREB1","wt",1.45944895580913e-12
"U266B1","p.K601N",0.00792506581274999
"SKMEL24","p.V600E",0.0443911060965833
"SW837","wt",0.00561447255142628
"MRKNU1","wt",0
"MCF7","wt",0.0229090665313932
"VMCUB1","wt",0.0202310211268248
"TE15","wt",0
"SKMEL5","p.V600E",0
"SW620","wt",0.0225222743489295
"T47D","wt",0.0412173511282245
"MKN28","wt",0.0315960049300637
"U251MG","wt",0.0504931084071498
"VAESBJ","wt",0
"SAS","wt",0.0347348164224417
"TE5","wt",0.00318989756554835
"TUR","wt",0.00292630762509783
"RH30","wt",0.0032712701487277
"SW872","p.V600E",0.0267111553598026
"SNU387","wt",0.00599701062979031
"T98G","wt",0.0780410661449724
"MKN1","wt",0.082340062095786
"U87MGATCC","wt",0
"UMC11","wt",0
"TE6","wt",0
"TCCSUP","wt",0.0314562245158811
"T84","wt",0.0311653223566599
"A204","wt",0.0110878514397749
"BCPAP","p.V600E",0.0322845355009126
"BT20","wt",0
"CA922","wt",0.0157207421409821
"CHP212","wt",0.0219375875676786
"CAL851","wt",0
"CPCN","wt",0.00245706745725036
"DKMG","wt",0
"EGI1","wt",0.0585678145434095
"2313287","wt",0
"ACHN","wt",0.00254222876000373
"BE13","wt",0.0744991009721648
"BHT101","p.V600E",0.0565966610171373
"COLO679","p.V600E",0.0235068848845049
"COLO668","wt",0.00747564834642068
"D263MG","wt",0.0582249955286451
"DMS53","wt",0.0413638052718819
"EM2","wt",0.00427893481211231
"A375","p.V600E",0.0326460864125725
"AM38","p.V600E",0.0086474546920548
"BT549","wt",0
"CAS1","wt",0
"COLO678","wt",0.0149353146720789
"CAPAN2","wt",0.0060741221785992
"DOK","wt",0.00221897915982999
"ES4","wt",0.0693179350144526
"697","wt",0.00595098911556181
"AN3CA","wt",0.0408027599715732
"CAMA1","wt",0
"COLO320HSR","wt",0.0326804060248704
"CASKI","wt",0.00425305784970776
"CORL105","wt",0.0110817629280222
"DU145","wt",0.0187910746788546
"769P","wt",0.048452655573489
"A4FUKUDA","wt",0
"ARH77","wt",0.00705090073055994
"BFTC909","wt",0.0578718452566824
"CALU6","wt",0.0193736124089797
"C33A","wt",0.0187991543480589
"COLO792","wt",0.0326661334453391
"DAOY","wt",0
"DOTC24510","wt",0.0168542493705644
"8305C","p.V600E",0.00318217422467998
"ATN1","wt",0.00180337478642661
"C2BBE1","wt",0.0237937128968678
"CAPAN1","wt",0.024827356154557
"CA46","wt",0
"CFPAC1","wt",0.0613471231814803
"BPH1","wt",0.139785428379189
"DETROIT562","wt",0
"DB","wt",0.0034565239583283
"EW22","wt",0.0732106602958175
"A101D","p.V600E",0.0452864759519845
"A549","wt",0.0542371202457456
"BALL1","wt",0
"HEPG2C3A","wt",0
"CHL1","wt",0.0498940955902626
"CAL39","wt",0.0303961401084313
"COLO824","wt",0
"CTV1","wt",0
"DG75","wt",0
"EFM19","wt",0.0688940360525006
"EW11","wt",0.0120158600556689
"A172","wt",0.0305253890948118
"A673","p.V600E",0.103987132942113
"BC1","wt",0.0416655368592118
"CHP134","wt",0.0223167961123692
"CAL72","wt",0.00444713970720234
"EFO27","wt",0.0141635478462268
"EW1","wt",0.0314891673151178
"MELJUSO","wt",0.00558029624486785
"SF539","wt",0.00515215665979992
"SUPT1","wt",0.0242852883445957
"KP4","wt",0.0066776538532908
"SKLMS1","wt",0.0198265424407129
"HEMCSS","wt",0.0358802247014195
"HDMYZ","wt",0
"SW684","wt",0.00432957627650999
"HOP92","wt",0.0098382730990258
"MDAMB231","p.G464V",0
"SHP77","wt",0
"SW948","wt",0.0016342465165725
"JVM3","p.K601N",0.00927849690129964
"MDAMB361","wt",0.00479427168905712
"SH4","p.V600E",0.0173006387016083
"HSC4","wt",0
"HT1080","wt",0.0288320576643298
"MDAMB453","wt",0.0157705947560657
"SKMES1","wt",0.0167077205276922
"SKUT1","wt",0.0172947515677838
"HPAFII","wt",0.0599658787926095
"IALM","wt",0.00812207449198636
"SBC5","wt",0.00504870451928631
"SR","wt",0.0169334720842177
"SKMG1","wt",0.0758641915259665
"SKGIIIA","wt",0
"KNS62","wt",0
"H4","wt",0.0450645807738809
"HT55","wt",0
"SKMM2","wt",0
"JIYOYE","wt",0
"SCC15","wt",0.00543748879945113
"SKLU1","wt",0.0127919169333732
"KARPAS422","wt",0.101568060547932
"HUPT4","wt",0.00700496041586933
"HAL01","wt",0.02186224493179
"HLE","wt",0.0435512184316177
"SKPNDW","wt",0
"J82","wt",0.00646266434371672
"SW1573","wt",0.0426248903191701
"SKM1","wt",0.00245339155329381
"HUTU80","wt",0.0250810990840428
"HOP62","wt",0.0264737363189392
"IGROV1","wt",0.0341754528911247
"IM9","wt",0.0761877273726276
"ISTSL2","wt",0
"IMR5","wt",0.0821061819829499
"EVSAT","wt",0
"CAR1","wt",0.0155690611725159
"CP66MEL","wt",0.0712538696106384
"D392MG","wt",0.0028805374694216
"EW16","wt",0
"HL60","wt",7.3334116437942e-18
"HCC1937","wt",0.00340465596908245
"HEL","wt",0.0573787908484998
"ES7","wt",0.175267192452158
"A2780","wt",0.0485296513270172
"DEL","wt",0.0454172664451316
"ECC10","wt",0
"EW13","wt",0.0108351019086254
"HSC3","wt",0.0044657772818907
"HUO9","wt",0
"HCC2998","wt",0.0166643166270396
"EFO21","wt",0.00382405341536696
"EKVX","wt",0.0381534660087604
"HUPT3","wt",0
"HEC1","wt",0
"HGC27","wt",0
"H9","wt",0.00784171899117752
"EW18","wt",0
"A427","wt",0.0242221848718294
"BB49HNC","wt",0.0467121575570881
"ES5","wt",0.0100174191843045
"EOL1","wt",0.00757908211652167
"HO1N1","wt",0
"HTCC3","p.V600E",0.0337588693517265
"EB3HUMANBURKITTLYMPHOMA","wt",0.00319246017030956
"A498","wt",0
"CCRFCEM","wt",0
"EW3","wt",0.0636767268203259
"HUCCT1","wt",0
"HCC1187","wt",0
"HCC2157","wt",0.0311133356129024
"HCC1954","wt",0.00387888985679458
"EPLC272H","wt",0.0430189517065144
"A253","wt",0.0692430044358142
"COLO684","wt",0
"DMS79","wt",0
"EW7","wt",0
"HCT15","wt",0.0296939837190444
"HHHUMANLYMPHOMA","wt",0.104381086426925
"HT144","p.V600E",0.0290680645745016
"ECGI10","wt",0
"ABC1","wt",0
"CAL27","wt",0.0329331915392306
"EW24","wt",0.0367661405464744
"HCC70","wt",0.0362064896818443
"HCC1569","wt",0.00514389553687618
"EB2","wt",0
"ALLPO","wt",0
"DOHH2","wt",0.104546502898211
"HCC1806","wt",0.00617349912321271
"HUH7","wt",0.036271918867579
"HT3","wt",0.005946916676835
"NCIH2170","wt",0.00347945890723827
"NCIH810","wt",0.00736724964137603
"SNU1","wt",0
"NUGC3","wt",0
"SJNB7","wt",0.0143470106895662
"NCIH1666","p.G466V",0.0325460565392886
"SW1710","wt",0.0035316494558153
"NCIH1650","wt",0
"NCIH2405","p.L485_P490>Y",0
"NCIH2029","wt",0
"NCIH322M","wt",0
"NCIH650","wt",0
"NALM6","wt",0.0478851204876056
"SJNB14","wt",0.0710817174285122
"SNU423","wt",0.0161217559698304
"NCIH2227","wt",0
"NCIH209","wt",0.0686484150592787
"NCIH747","wt",0.0178742954666821
"SNU5","wt",0.0165895331002399
"NY","wt",0.0305632065058732
"OVCAR4","wt",0.00230057659827405
"SN12C","wt",0.00348727689358373
"NCIH1693","wt",0
"NCIH520","wt",0.0146825534132712
"NCIH526","wt",0.00837217439924704
"SJNB13","wt",0.0362330497859149
"OVCAR3","wt",0
"NCIH1694","wt",0.0147556240596657
"SW1116","wt",0.0124151490632858
"SNUC2B","wt",0.0318839672921234
"SJNB10","wt",0
"NOMO1","wt",0.0187118575054643
"SW1463","wt",0.0228083585895572
"SW13","wt",0.0106895407741019
"NCIH596","wt",0.00372973898990842
"NCIH82","wt",0
"NH12","wt",0.0231633536998042
"SCC3","wt",0.0102379680492633
"SW48","wt",0.0540288854710972
"SF268","wt",0.0279487791626439
"NCIH23","wt",0
"NCIH522","wt",0
"NB69","wt",0.00647888352851359
"SCC4","wt",0.00163947214820036
"NCIH1975","wt",0.0150768413628873
"SW982","p.V600E",0.0299754272212507
"NCIH2141","wt",0.00773968511661381
"NCIH250","wt",0.0394532536075453
"SKMEL2","wt",0.0320028877123639
"HS578T","wt",0.0340424604071387
"BL41","wt",0
"KARPAS299","wt",0.0591051785318176
"LK2","wt",0.0524490413704443
"SW756","wt",0.0191556608125231
"LP1","wt",0.0336849687327712
"NCIH524","wt",0
"NEC8","wt",0.0387507494271282
"TYKNU","wt",0
"SKCO1","wt",0.0976987613738516
"HCC1143","wt",0
"NCIH1417","wt",0
"MLMA","wt",0
"MDAMB468","wt",0.0345420071113225
"MHHCALL2","wt",0.00824300906060513
"MDAMB415","wt",0.024500350424732
"MCCAR","wt",0
"TGW","wt",0.00217450657797588
"FTC133","wt",0.00411946320885922
"RCC10RGB","wt",0.0107820924620687
"MKN45","wt",0.0153404040765592
"ASPC1","wt",0
"KYSE180","wt",0.0085608712454662
"RAJI","wt",0
"NCIN87","wt",0.00913596010608962
"MIAPACA2","wt",0
"TCYIK","wt",0.0432484892382692
"A3KAWAKAMI","wt",0
"KMOE2","wt",0
"BXPC3","wt",0.00172414997202137
"HUO3N1","wt",0
"CALU3","wt",0.101097414133423
"A704","wt",0
"SKNDZ","wt",0.00546626935374117
"KASUMI1","wt",0.0329791560713744
"SKNAS","wt",0.0678868952224208
"8MGBA","wt",0.0565635169713688
"LOVO","wt",0.00395692128851277
"SIMA","wt",0.0187412811427627
"AGS","wt",0.00365862314258901
"KARPAS45","wt",0.0199367678018499
"ES6","wt",0.0408631369823971
"SNUC1","wt",0.00839603268267321
"KG1","wt",0.00408659526740031
"K562","wt",0
"LNCAPCLONEFGC","wt",0.0793069381160901
"ESS1","wt",0
"HSC2","wt",0.00839758325668902
"LB996RCC","wt",0.0150991622650258
"SNGM","wt",0.066560694624697
"JVM2","wt",0.0170814272934723
"DBTRG05MG","p.V600E",0
"KPNYN","wt",0.0747508686203684
"NCIH446","wt",0.040625
"TK10","wt",0.00572126611383719
"L428","wt",0
"DAUDI","wt",0
"CW2","wt",0.0292966216776101
"GDM1","wt",0.00190848090569367
"HCC38","wt",0.0171470868586479
"RL952","wt",0.00514916973538717
"NCIH2087","p.L597V",0
"8505C","p.V600E",0
"M059J","wt",0.00745701284506075
"CAL62","wt",0.0102636725033738
"SW626","wt",0.0501451900803597
"DMS273","wt",0
"MSTO211H","wt",0.0073227820214339
"NOS1HUMANOSTEOSARCOMA","wt",0
"MN60","wt",0
"KM12","wt",0
"22RV1","wt",0.0280794119105756
"LB771HNC","wt",0
"NCIH720","wt",0
"VMRCRCZ","wt",0
"NCIH345","wt",0
"KU1919","wt",0.0219845676017704
"U2OS","wt",0.013562835967623
"NCIH2122","wt",0.063626834166022
"COLO829","p.V600E",0
"MFE296","wt",0
"K5","p.V600E",0.0190093021711837
"NCIH226","wt",0.0418584960793854
"NCIH716","wt",0
"LB831BLC","wt",0.00206244913478718
"HC1","wt",0
